n1,n2,Valkey_median,Valkey_mean,Valkey_std,Redis 7.2_median,Redis 7.2_mean,Redis 7.2_std,shapiro_p_Valkey,shapiro_p_Redis 7.2,mann_whitney_U,mann_whitney_p,rank_biserial_r,welch_t,welch_p,cohens_d,significant_mann_whitney,significant_welch,metric,comparison,Memorystore_median,Memorystore_mean,Memorystore_std,shapiro_p_Memorystore
5,5,124.0,126.6,6.913754406977442,137.0,137.0,3.8078865529319543,0.5007670521736145,0.9996188879013062,2.5,0.046532985074510584,0.8,-2.946282038284384,0.024659359460798353,-1.8633923740444132,True,True,backup_duration_s,Valkey vs Redis 7.2,,,,
5,5,294.0,295.8,8.871302046486749,323.0,322.8,6.180614856144977,0.0750182494521141,0.5146046280860901,0.0,0.007936507936507936,1.0,-5.583949869989525,0.0007737648498585903,-3.5315999858736005,True,True,restore_duration_s,Valkey vs Redis 7.2,,,,
5,5,124.0,126.6,6.913754406977442,,,,0.5007670521736145,,24.5,0.015650539882205012,-0.96,2.5529025850904112,0.05997670474659422,1.6145973626835024,True,False,backup_duration_s,Valkey vs Memorystore,119.0,118.6,1.140175425099138,0.8139519691467285
5,5,294.0,295.8,8.871302046486749,,,,0.0750182494521141,,0.0,0.0119252335930176,1.0,-21.58310245268347,1.089744237986903e-06,-13.650352544649257,True,True,restore_duration_s,Valkey vs Memorystore,508.0,496.0,18.748333259252675,0.08937408775091171
5,5,,,,323.0,322.8,6.180614856144977,,0.5146046280860901,0.0,0.0119252335930176,1.0,-19.618585292749547,8.162963817765518e-06,-12.407882799073963,True,True,restore_duration_s,Redis 7.2 vs Memorystore,508.0,496.0,18.748333259252675,0.08937408775091171
