n1,n2,Valkey_median,Valkey_mean,Valkey_std,Redis 7.2_median,Redis 7.2_mean,Redis 7.2_std,shapiro_p_Valkey,shapiro_p_Redis 7.2,mann_whitney_U,mann_whitney_p,rank_biserial_r,welch_t,welch_p,cohens_d,significant_mann_whitney,significant_welch,metric,masters_stressed
5,5,111352.28,111562.622,1686.9854372726538,109175.65,108769.452,1309.5365184178675,0.8528763651847839,0.8494137525558472,24.0,0.015873015873015872,-0.9199999999999999,2.92456705134287,0.02044575371567589,1.8496586104252135,True,True,total_ops_sec_under_stress,1
5,5,101478.82,101043.854,1009.1253484726278,102465.62,102628.438,539.7277285539479,0.5105602145195007,0.7518110275268555,1.0,0.015873015873015872,0.92,-3.096166481087298,0.02070216623502365,-1.9581876190609013,True,True,total_ops_sec_under_stress,2
5,5,101188.2,101099.57800000001,459.3117724051947,87018.8,87172.004,831.7643948138191,0.46198514103889465,0.8453164100646973,25.0,0.007936507936507936,-1.0,32.77667288970943,3.247013628965404e-08,20.729788090754937,True,True,total_ops_sec_under_stress,3
