n1,n2,Valkey_median,Valkey_mean,Valkey_std,Redis 7.2_median,Redis 7.2_mean,Redis 7.2_std,shapiro_p_Valkey,shapiro_p_Redis 7.2,mann_whitney_U,mann_whitney_p,rank_biserial_r,welch_t,welch_p,cohens_d,significant_mann_whitney,significant_welch,metric
5,5,23.0,22.2,2.3874672772626644,22.0,21.8,1.0954451150103324,0.009013799019157887,0.135022833943367,18.5,0.22975392961661556,-0.48,0.3405026123034982,0.7458579588771885,0.21535276082326543,False,False,failover_duration_s
5,5,37.55797532045593,36.32963851730037,3.580180896991409,36.02551163655403,35.23466575129796,1.729114290487722,0.01301588211208582,0.5348703265190125,20.0,0.15079365079365079,-0.6000000000000001,0.6158235486932376,0.5614996962165649,0.38948101012764796,False,False,chaos_window_drop_pct_observed
5,5,19.0,18.0,2.9154759474226504,18.0,18.4,0.5477225575051661,0.050497688353061676,0.006469968240708113,15.5,0.5838824207703652,-0.24,-0.3015113445777626,0.7771057335163938,-0.19069251784911778,False,False,error_window_duration_s
