n1,n2,Valkey_median,Valkey_mean,Valkey_std,Redis 7.2_median,Redis 7.2_mean,Redis 7.2_std,shapiro_p_Valkey,shapiro_p_Redis 7.2,mann_whitney_U,mann_whitney_p,rank_biserial_r,welch_t,welch_p,cohens_d,significant_mann_whitney,significant_welch,metric
5,5,119414.64,119932.31999999999,1245.5908022300082,106744.3,107883.78600000001,3130.742283841003,0.136361762881279,0.5512883067131042,25.0,0.007936507936507936,-1.0,7.995820850985355,0.00039792367077402536,5.057001130355902,True,True,memtier_ops_sec
5,5,7.871,7.947799999999999,0.4082979304380562,9.151,9.227799999999998,0.5323938391829872,0.8124126195907593,0.36329078674316406,0.0,0.0119252335930176,1.0,-4.265953837936682,0.0031795741983167585,-2.698026104203345,True,True,memtier_p99_ms
5,5,0.0,0.0,0.0,0.0,0.0,0.0,1.0,1.0,12.5,1.0,0.0,,,0.0,False,False,evicted_keys_delta
