n1,n2,Valkey_median,Valkey_mean,Valkey_std,Redis 7.2_median,Redis 7.2_mean,Redis 7.2_std,shapiro_p_Valkey,shapiro_p_Redis 7.2,mann_whitney_U,mann_whitney_p,rank_biserial_r,welch_t,welch_p,cohens_d,significant_mann_whitney,significant_welch,metric
5,5,21416.0,21320.8,688.4621993980497,21914.0,21294.8,1911.4290988681742,0.7417090535163879,0.538291335105896,11.0,0.8412698412698413,0.12,0.028616244059995605,0.9782733306510107,0.018098501861770033,False,False,keys_missing
5,5,0.16093785225820997,0.15981461175106762,0.004853354294670385,0.16530259713809412,0.1620784206415226,0.01264016207933251,0.44498059153556824,0.8692325949668884,9.0,0.5476190476190477,0.28,-0.3738604120094894,0.723395267603931,-0.23645008578379087,False,False,minority_loss_rate
5,5,0.05363708312044801,0.053265482913934195,0.0016381817864033117,0.05509587849440468,0.05401533388588897,0.004218559837833396,0.4593610465526581,0.8623476028442383,9.0,0.5476190476190477,0.28,-0.3705068027972784,0.7256761465087194,-0.23432907708524897,False,False,loss_rate
5,5,0.0,0.0,0.0,0.0,10.0,22.360679774997898,1.0,0.00013097876217216253,10.0,0.4237107971667934,0.19999999999999996,-1.0,0.373900966300059,-0.6324555320336759,False,False,total_failed
