file,run_id,clients,socket_timeout,slow_threshold_ms,minority_pods,minority_slot_count,majority_slot_count,total_attempted,total_acked,acked_minority,acked_majority,total_failed,failed_minority,failed_majority,total_slow,total_affected,affected_rate,failed_rate,keys_missing,keys_missing_minority,keys_missing_majority,loss_rate,minority_loss_rate,majority_loss_rate,verify_errors,duration_actual,write_rate_mean,partition_errors,affected_rate_peak,p95_latency_ms,p99_latency_ms,max_latency_ms,failed_error_types,chaos_epoch_s
split_brain_run_1.json,sb_run1_1780650102,50,1.0,1000.0,redis72-redis-cluster-1,5462,10922,383470,383420,127714,255706,50,50,0,50,100,0.0002607765926930399,0.00013038829634651994,19588,19588,0,0.0510875801992593,0.15337394490815415,0.0,0,120.05,3277.094017094017,50,0.3246753246753247,32.23576876916922,45.197362228645936,3331.4235449652188,{'ClusterDownError': 50},1780650139
split_brain_run_2.json,sb_run2_1780650449,50,1.0,1000.0,redis72-redis-cluster-2,5461,10923,392171,392171,130759,261412,0,0,0,51,51,0.00013004531186650722,0.0,22074,22074,0,0.056286670865515295,0.16881438371354934,0.0,0,120.05,3268.0916666666667,0,0.136986301369863,32.84027200425044,46.17776279919778,1597.052158031147,{},1780650486
split_brain_run_3.json,sb_run3_1780650800,50,1.0,1000.0,redis72-redis-cluster-0,5461,10923,394619,394619,131517,263102,0,0,0,50,50,0.00012670449218106579,0.0,19140,19140,0,0.04850247960691198,0.14553251670886652,0.0,0,120.05,3316.126050420168,0,0.03996802557953637,32.26389529881997,45.583528548013426,3314.9917609989643,{},1780650837
split_brain_run_4.json,sb_run4_1780651173,50,1.0,1000.0,redis72-redis-cluster-4,5461,10923,397743,397743,132569,265174,0,0,0,50,50,0.0001257093148088087,0.0,21914,21914,0,0.05509587849440468,0.16530259713809412,0.0,0,120.05,3314.525,0,0.023169601482854494,32.34231501119213,45.43760022730567,2348.4359179856256,{},1780651210
split_brain_run_5.json,sb_run5_1780651527,50,1.0,1000.0,redis72-redis-cluster-0,5461,10923,401969,401969,133947,268022,0,0,0,19,19,4.72673265848859e-05,0.0,23758,23758,0,0.059104060263353644,0.177368660738949,0.0,0,120.05,3349.741666666667,0,0.0055056505360765,32.15911118313666,45.14782889280468,1327.3941640509292,{},1780651564
