file,run_id,clients,socket_timeout,slow_threshold_ms,minority_pods,minority_slot_count,majority_slot_count,total_attempted,total_acked,acked_minority,acked_majority,total_failed,failed_minority,failed_majority,total_slow,total_affected,affected_rate,failed_rate,keys_missing,keys_missing_minority,keys_missing_majority,loss_rate,minority_loss_rate,majority_loss_rate,verify_errors,duration_actual,write_rate_mean,partition_errors,affected_rate_peak,p95_latency_ms,p99_latency_ms,max_latency_ms,failed_error_types,chaos_epoch_s
split_brain_run_1.json,sb_run1_1780644750,50,1.0,1000.0,valkey-4,5461,10923,400590,400590,133444,267146,0,0,0,50,50,0.00012481589655258493,0.0,20363,20363,0,0.05083252203000574,0.15259584544827792,0.0,0,120.05,3338.25,0,0.06747638326585695,31.568172981496897,44.04500614444259,2551.0342830093578,{},1780644785
split_brain_run_2.json,sb_run2_1780645130,50,1.0,1000.0,valkey-0,5461,10923,403530,403530,134526,269004,0,0,0,2,2,4.956260996704087e-06,0.0,22043,22043,0,0.05462543057517409,0.1638568009158081,0.0,0,120.05,3362.75,0,0.0012682308180088776,31.523792524239973,44.084897692664555,1599.236496957019,{},1780645166
split_brain_run_3.json,sb_run3_1780645526,50,1.0,1000.0,valkey-4,5461,10923,399234,399234,133134,266100,0,0,0,1,1,2.5047966856530254e-06,0.0,21859,21859,0,0.05475235075168949,0.16418796100169752,0.0,0,120.05,3326.95,0,0.00030349013657056146,31.981971621280515,44.67109704390164,2020.035805995576,{},1780645563
split_brain_run_4.json,sb_run4_1780645912,50,1.0,1000.0,valkey-0,5461,10923,399276,399276,133070,266206,0,0,0,0,0,0.0,0.0,21416,21416,0,0.05363708312044801,0.16093785225820997,0.0,0,120.05,3327.3,0,0.0,32.049851753981784,44.645427507930435,985.0470279925503,{},1780645949
split_brain_run_5.json,sb_run5_1780646307,50,1.0,1000.0,valkey-4,5461,10923,398685,398685,132849,265836,0,0,0,50,50,0.00012541229291295134,0.0,20923,20923,0,0.052480028092353616,0.15749459913134461,0.0,0,120.05,3322.375,0,0.03158559696778269,31.76179020665586,44.30566437309603,2560.461499961093,{},1780646344
